{"cameraMode":{"drawMode":0,"name":"Shaded","section":"Shading Mode"},"sceneLighting":true,"audioPlay":false,"sceneViewState":{"showFog":true,"showMaterialUpdate":true,"showSkybox":true,"showFlares":true,"showImageEffects":true,"showParticleSystems":true},"in2DMode":false,"pivot":{"x":8.433189392089844,"y":8.405776023864746,"z":13.836142539978028},"rotation":{"x":0.28961485624313357,"y":-0.10026469826698303,"z":0.030521925538778306,"w":0.9513898491859436},"size":2.0088236331939699,"orthographic":false}